OrderDate,DocumentCode,LineNumber,ProductKey,EnglishProductName,QuantitySold,TotalAmount,Profit
2018-01-01,SO43697,1,310,"Road-150 Red, 62",1,3578.27,1406.98
2018-01-01,SO43698,1,346,"Mountain-100 Silver, 44",1,3399.99,1487.84
2018-01-01,SO43699,1,346,"Mountain-100 Silver, 44",1,3399.99,1487.84
2018-01-01,SO43700,1,336,"Road-650 Black, 62",1,699.10,285.95
2018-01-01,SO43701,1,346,"Mountain-100 Silver, 44",1,3399.99,1487.84
2018-01-01,SO43702,1,311,"Road-150 Red, 44",1,3578.27,1406.98
2018-01-01,SO43703,1,310,"Road-150 Red, 62",1,3578.27,1406.98
2018-01-01,SO43704,1,351,"Mountain-100 Black, 48",1,3374.99,1476.90
2018-01-01,SO43705,1,344,"Mountain-100 Silver, 38",1,3399.99,1487.84
2018-01-01,SO43706,1,312,"Road-150 Red, 48",1,3578.27,1406.98
2018-01-01,SO43707,1,312,"Road-150 Red, 48",1,3578.27,1406.98
2018-01-01,SO43708,1,330,"Road-650 Red, 52",1,699.10,285.95
2018-01-01,SO43709,1,313,"Road-150 Red, 52",1,3578.27,1406.98
2018-01-01,SO43710,1,314,"Road-150 Red, 56",1,3578.27,1406.98
2018-01-01,SO43711,1,314,"Road-150 Red, 56",1,3578.27,1406.98
2018-01-01,SO43712,1,311,"Road-150 Red, 44",1,3578.27,1406.98
2018-01-02,SO43713,1,310,"Road-150 Red, 62",1,3578.27,1406.98
2018-01-02,SO43714,1,311,"Road-150 Red, 44",1,3578.27,1406.98
2018-01-02,SO43715,1,314,"Road-150 Red, 56",1,3578.27,1406.98
2018-01-02,SO43716,1,311,"Road-150 Red, 44",1,3578.27,1406.98
2018-01-02,SO43717,1,336,"Road-650 Black, 62",1,699.10,285.95
2018-01-03,SO43718,1,311,"Road-150 Red, 44",1,3578.27,1406.98
2018-01-03,SO43719,1,312,"Road-150 Red, 48",1,3578.27,1406.98
2018-01-03,SO43720,1,311,"Road-150 Red, 44",1,3578.27,1406.98
2018-01-03,SO43721,1,310,"Road-150 Red, 62",1,3578.27,1406.98
2018-01-04,SO43722,1,312,"Road-150 Red, 48",1,3578.27,1406.98
2018-01-04,SO43723,1,332,"Road-650 Black, 58",1,699.10,285.95
2018-01-04,SO43724,1,311,"Road-150 Red, 44",1,3578.27,1406.98
2018-01-05,SO43725,1,311,"Road-150 Red, 44",1,3578.27,1406.98
2018-01-05,SO43726,1,332,"Road-650 Black, 58",1,699.10,285.95
2018-01-05,SO43727,1,311,"Road-150 Red, 44",1,3578.27,1406.98
2018-01-06,SO43728,1,313,"Road-150 Red, 52",1,3578.27,1406.98
2018-01-06,SO43729,1,346,"Mountain-100 Silver, 44",1,3399.99,1487.84
2018-01-06,SO43730,1,346,"Mountain-100 Silver, 44",1,3399.99,1487.84
2018-01-06,SO43731,1,314,"Road-150 Red, 56",1,3578.27,1406.98
2018-01-06,SO43732,1,350,"Mountain-100 Black, 44",1,3374.99,1476.90
2018-01-06,SO43733,1,312,"Road-150 Red, 48",1,3578.27,1406.98
2018-01-07,SO43734,1,312,"Road-150 Red, 48",1,3578.27,1406.98
2018-01-07,SO43735,1,310,"Road-150 Red, 62",1,3578.27,1406.98
2018-01-07,SO43736,1,346,"Mountain-100 Silver, 44",1,3399.99,1487.84
2018-01-08,SO43737,1,311,"Road-150 Red, 44",1,3578.27,1406.98
2018-01-08,SO43738,1,312,"Road-150 Red, 48",1,3578.27,1406.98
2018-01-08,SO43739,1,310,"Road-150 Red, 62",1,3578.27,1406.98
2018-01-08,SO43740,1,312,"Road-150 Red, 48",1,3578.27,1406.98
2018-01-09,SO43741,1,310,"Road-150 Red, 62",1,3578.27,1406.98
2018-01-09,SO43742,1,314,"Road-150 Red, 56",1,3578.27,1406.98
2018-01-09,SO43743,1,347,"Mountain-100 Silver, 48",1,3399.99,1487.84
2018-01-09,SO43744,1,313,"Road-150 Red, 52",1,3578.27,1406.98
2018-01-10,SO43745,1,311,"Road-150 Red, 44",1,3578.27,1406.98
2018-01-10,SO43746,1,312,"Road-150 Red, 48",1,3578.27,1406.98
2018-01-11,SO43747,1,314,"Road-150 Red, 56",1,3578.27,1406.98
2018-01-11,SO43748,1,313,"Road-150 Red, 52",1,3578.27,1406.98
2018-01-11,SO43749,1,314,"Road-150 Red, 56",1,3578.27,1406.98
2018-01-11,SO43750,1,311,"Road-150 Red, 44",1,3578.27,1406.98
2018-01-11,SO43751,1,313,"Road-150 Red, 52",1,3578.27,1406.98
2018-01-11,SO43752,1,311,"Road-150 Red, 44",1,3578.27,1406.98
2018-01-11,SO43753,1,310,"Road-150 Red, 62",1,3578.27,1406.98
2018-01-12,SO43754,1,312,"Road-150 Red, 48",1,3578.27,1406.98
2018-01-12,SO43755,1,311,"Road-150 Red, 44",1,3578.27,1406.98
2018-01-12,SO43756,1,332,"Road-650 Black, 58",1,699.10,285.95
2018-01-12,SO43757,1,350,"Mountain-100 Black, 44",1,3374.99,1476.90
2018-01-13,SO43758,1,310,"Road-150 Red, 62",1,3578.27,1406.98
2018-01-13,SO43759,1,310,"Road-150 Red, 62",1,3578.27,1406.98
2018-01-13,SO43760,1,314,"Road-150 Red, 56",1,3578.27,1406.98
2018-01-13,SO43761,1,310,"Road-150 Red, 62",1,3578.27,1406.98
2018-01-14,SO43762,1,314,"Road-150 Red, 56",1,3578.27,1406.98
2018-01-14,SO43763,1,313,"Road-150 Red, 52",1,3578.27,1406.98
2018-01-14,SO43764,1,310,"Road-150 Red, 62",1,3578.27,1406.98
2018-01-14,SO43765,1,346,"Mountain-100 Silver, 44",1,3399.99,1487.84
2018-01-15,SO43766,1,313,"Road-150 Red, 52",1,3578.27,1406.98
2018-01-15,SO43767,1,350,"Mountain-100 Black, 44",1,3374.99,1476.90
2018-01-16,SO43768,1,312,"Road-150 Red, 48",1,3578.27,1406.98
2018-01-16,SO43769,1,312,"Road-150 Red, 48",1,3578.27,1406.98
2018-01-16,SO43770,1,312,"Road-150 Red, 48",1,3578.27,1406.98
2018-01-16,SO43771,1,330,"Road-650 Red, 52",1,699.10,285.95
2018-01-16,SO43772,1,312,"Road-150 Red, 48",1,3578.27,1406.98
2018-01-16,SO43773,1,314,"Road-150 Red, 56",1,3578.27,1406.98
2018-01-16,SO43774,1,313,"Road-150 Red, 52",1,3578.27,1406.98
2018-01-16,SO43775,1,347,"Mountain-100 Silver, 48",1,3399.99,1487.84
2018-01-17,SO43776,1,314,"Road-150 Red, 56",1,3578.27,1406.98
2018-01-17,SO43777,1,311,"Road-150 Red, 44",1,3578.27,1406.98
2018-01-17,SO43778,1,345,"Mountain-100 Silver, 42",1,3399.99,1487.84
2018-01-17,SO43779,1,326,"Road-650 Red, 44",1,699.10,285.95
2018-01-18,SO43780,1,311,"Road-150 Red, 44",1,3578.27,1406.98
2018-01-18,SO43781,1,312,"Road-150 Red, 48",1,3578.27,1406.98
2018-01-18,SO43782,1,312,"Road-150 Red, 48",1,3578.27,1406.98
2018-01-18,SO43783,1,312,"Road-150 Red, 48",1,3578.27,1406.98
2018-01-19,SO43784,1,310,"Road-150 Red, 62",1,3578.27,1406.98
2018-01-19,SO43785,1,311,"Road-150 Red, 44",1,3578.27,1406.98
2018-01-19,SO43786,1,311,"Road-150 Red, 44",1,3578.27,1406.98
2018-01-19,SO43787,1,344,"Mountain-100 Silver, 38",1,3399.99,1487.84
2018-01-19,SO43788,1,351,"Mountain-100 Black, 48",1,3374.99,1476.90
2018-01-19,SO43789,1,351,"Mountain-100 Black, 48",1,3374.99,1476.90
2018-01-19,SO43790,1,344,"Mountain-100 Silver, 38",1,3399.99,1487.84
2018-01-19,SO43791,1,314,"Road-150 Red, 56",1,3578.27,1406.98
2018-01-19,SO43792,1,312,"Road-150 Red, 48",1,3578.27,1406.98
2018-01-19,SO43793,1,344,"Mountain-100 Silver, 38",1,3399.99,1487.84
2018-01-19,SO43794,1,347,"Mountain-100 Silver, 48",1,3399.99,1487.84
2018-01-20,SO43795,1,312,"Road-150 Red, 48",1,3578.27,1406.98
2018-01-20,SO43796,1,342,"Road-650 Black, 52",1,699.10,285.95
2018-01-20,SO43797,1,312,"Road-150 Red, 48",1,3578.27,1406.98
2018-01-20,SO43798,1,310,"Road-150 Red, 62",1,3578.27,1406.98
2018-01-20,SO43799,1,312,"Road-150 Red, 48",1,3578.27,1406.98
2018-01-21,SO43800,1,311,"Road-150 Red, 44",1,3578.27,1406.98
2018-01-21,SO43801,1,311,"Road-150 Red, 44",1,3578.27,1406.98
2018-01-21,SO43802,1,312,"Road-150 Red, 48",1,3578.27,1406.98
2018-01-22,SO43803,1,314,"Road-150 Red, 56",1,3578.27,1406.98
2018-01-22,SO43804,1,310,"Road-150 Red, 62",1,3578.27,1406.98
2018-01-22,SO43805,1,328,"Road-650 Red, 48",1,699.10,285.95
2018-01-22,SO43806,1,312,"Road-150 Red, 48",1,3578.27,1406.98
2018-01-23,SO43807,1,312,"Road-150 Red, 48",1,3578.27,1406.98
2018-01-23,SO43808,1,313,"Road-150 Red, 52",1,3578.27,1406.98
2018-01-23,SO43809,1,310,"Road-150 Red, 62",1,3578.27,1406.98
2018-01-23,SO43810,1,345,"Mountain-100 Silver, 42",1,3399.99,1487.84
2018-01-23,SO43811,1,346,"Mountain-100 Silver, 44",1,3399.99,1487.84
2018-01-24,SO43812,1,312,"Road-150 Red, 48",1,3578.27,1406.98
2018-01-24,SO43813,1,350,"Mountain-100 Black, 44",1,3374.99,1476.90
2018-01-24,SO43814,1,350,"Mountain-100 Black, 44",1,3374.99,1476.90
2018-01-24,SO43815,1,311,"Road-150 Red, 44",1,3578.27,1406.98
2018-01-24,SO43816,1,314,"Road-150 Red, 56",1,3578.27,1406.98
2018-01-24,SO43817,1,310,"Road-150 Red, 62",1,3578.27,1406.98
2018-01-24,SO43818,1,312,"Road-150 Red, 48",1,3578.27,1406.98
2018-01-24,SO43819,1,346,"Mountain-100 Silver, 44",1,3399.99,1487.84
2018-01-25,SO43820,1,312,"Road-150 Red, 48",1,3578.27,1406.98
2018-01-25,SO43821,1,310,"Road-150 Red, 62",1,3578.27,1406.98
2018-01-25,SO43822,1,313,"Road-150 Red, 52",1,3578.27,1406.98
2018-01-25,SO43823,1,342,"Road-650 Black, 52",1,699.10,285.95
2018-01-25,SO43824,1,338,"Road-650 Black, 44",1,699.10,285.95
2018-01-25,SO43825,1,313,"Road-150 Red, 52",1,3578.27,1406.98
2018-01-25,SO43826,1,348,"Mountain-100 Black, 38",1,3374.99,1476.90
2018-01-25,SO43827,1,338,"Road-650 Black, 44",1,699.10,285.95
2018-01-26,SO43828,1,310,"Road-150 Red, 62",1,3578.27,1406.98
2018-01-26,SO43829,1,310,"Road-150 Red, 62",1,3578.27,1406.98
2018-01-26,SO43830,1,311,"Road-150 Red, 44",1,3578.27,1406.98
2018-01-26,SO43831,1,349,"Mountain-100 Black, 42",1,3374.99,1476.90
2018-01-26,SO43832,1,310,"Road-150 Red, 62",1,3578.27,1406.98
2018-01-27,SO43833,1,310,"Road-150 Red, 62",1,3578.27,1406.98
2018-01-27,SO43834,1,348,"Mountain-100 Black, 38",1,3374.99,1476.90
2018-01-27,SO43835,1,348,"Mountain-100 Black, 38",1,3374.99,1476.90
2018-01-27,SO43836,1,324,"Road-650 Red, 62",1,699.10,285.95
2018-01-27,SO43837,1,350,"Mountain-100 Black, 44",1,3374.99,1476.90
2018-01-28,SO43838,1,313,"Road-150 Red, 52",1,3578.27,1406.98
2018-01-28,SO43839,1,311,"Road-150 Red, 44",1,3578.27,1406.98
2018-01-28,SO43840,1,326,"Road-650 Red, 44",1,699.10,285.95
2018-01-28,SO43841,1,314,"Road-150 Red, 56",1,3578.27,1406.98
2018-01-28,SO43842,1,312,"Road-150 Red, 48",1,3578.27,1406.98
2018-01-29,SO43918,1,313,"Road-150 Red, 52",1,3578.27,1406.98
2018-01-29,SO43919,1,314,"Road-150 Red, 56",1,3578.27,1406.98
2018-01-29,SO43920,1,313,"Road-150 Red, 52",1,3578.27,1406.98
2018-01-29,SO43921,1,313,"Road-150 Red, 52",1,3578.27,1406.98
2018-01-29,SO43922,1,310,"Road-150 Red, 62",1,3578.27,1406.98
2018-01-30,SO43923,1,312,"Road-150 Red, 48",1,3578.27,1406.98
2018-01-30,SO43924,1,310,"Road-150 Red, 62",1,3578.27,1406.98
2018-01-30,SO43925,1,314,"Road-150 Red, 56",1,3578.27,1406.98
2018-01-31,SO43926,1,351,"Mountain-100 Black, 48",1,3374.99,1476.90
2018-01-31,SO43927,1,314,"Road-150 Red, 56",1,3578.27,1406.98
2018-01-31,SO43928,1,313,"Road-150 Red, 52",1,3578.27,1406.98
2018-01-31,SO43929,1,322,"Road-650 Red, 60",1,699.10,285.95
2018-02-01,SO43930,1,312,"Road-150 Red, 48",1,3578.27,1406.98
2018-02-01,SO43931,1,313,"Road-150 Red, 52",1,3578.27,1406.98
2018-02-01,SO43932,1,314,"Road-150 Red, 56",1,3578.27,1406.98
2018-02-01,SO43933,1,347,"Mountain-100 Silver, 48",1,3399.99,1487.84
2018-02-01,SO43934,1,346,"Mountain-100 Silver, 44",1,3399.99,1487.84
2018-02-02,SO43935,1,334,"Road-650 Black, 60",1,699.10,285.95
2018-02-02,SO43936,1,311,"Road-150 Red, 44",1,3578.27,1406.98
2018-02-02,SO43937,1,312,"Road-150 Red, 48",1,3578.27,1406.98
2018-02-02,SO43938,1,310,"Road-150 Red, 62",1,3578.27,1406.98
2018-02-02,SO43939,1,312,"Road-150 Red, 48",1,3578.27,1406.98
2018-02-02,SO43940,1,336,"Road-650 Black, 62",1,699.10,285.95
2018-02-03,SO43941,1,314,"Road-150 Red, 56",1,3578.27,1406.98
2018-02-03,SO43942,1,310,"Road-150 Red, 62",1,3578.27,1406.98
2018-02-03,SO43943,1,338,"Road-650 Black, 44",1,699.10,285.95
2018-02-03,SO43944,1,344,"Mountain-100 Silver, 38",1,3399.99,1487.84
2018-02-03,SO43945,1,310,"Road-150 Red, 62",1,3578.27,1406.98
2018-02-03,SO43946,1,313,"Road-150 Red, 52",1,3578.27,1406.98
2018-02-03,SO43947,1,310,"Road-150 Red, 62",1,3578.27,1406.98
2018-02-03,SO43948,1,345,"Mountain-100 Silver, 42",1,3399.99,1487.84
2018-02-04,SO43949,1,310,"Road-150 Red, 62",1,3578.27,1406.98
2018-02-04,SO43950,1,311,"Road-150 Red, 44",1,3578.27,1406.98
2018-02-04,SO43951,1,311,"Road-150 Red, 44",1,3578.27,1406.98
2018-02-04,SO43952,1,312,"Road-150 Red, 48",1,3578.27,1406.98
2018-02-05,SO43953,1,342,"Road-650 Black, 52",1,699.10,285.95
2018-02-05,SO43954,1,311,"Road-150 Red, 44",1,3578.27,1406.98
2018-02-05,SO43955,1,314,"Road-150 Red, 56",1,3578.27,1406.98
2018-02-05,SO43956,1,344,"Mountain-100 Silver, 38",1,3399.99,1487.84
2018-02-06,SO43957,1,313,"Road-150 Red, 52",1,3578.27,1406.98
2018-02-06,SO43958,1,312,"Road-150 Red, 48",1,3578.27,1406.98
2018-02-06,SO43959,1,348,"Mountain-100 Black, 38",1,3374.99,1476.90
2018-02-06,SO43960,1,349,"Mountain-100 Black, 42",1,3374.99,1476.90
2018-02-07,SO43961,1,311,"Road-150 Red, 44",1,3578.27,1406.98
2018-02-07,SO43962,1,312,"Road-150 Red, 48",1,3578.27,1406.98
2018-02-07,SO43963,1,314,"Road-150 Red, 56",1,3578.27,1406.98
2018-02-07,SO43964,1,312,"Road-150 Red, 48",1,3578.27,1406.98
2018-02-07,SO43965,1,351,"Mountain-100 Black, 48",1,3374.99,1476.90
2018-02-07,SO43966,1,347,"Mountain-100 Silver, 48",1,3399.99,1487.84
2018-02-08,SO43967,1,313,"Road-150 Red, 52",1,3578.27,1406.98
2018-02-08,SO43968,1,313,"Road-150 Red, 52",1,3578.27,1406.98
2018-02-08,SO43969,1,310,"Road-150 Red, 62",1,3578.27,1406.98
2018-02-08,SO43970,1,311,"Road-150 Red, 44",1,3578.27,1406.98
2018-02-08,SO43971,1,314,"Road-150 Red, 56",1,3578.27,1406.98
2018-02-09,SO43972,1,314,"Road-150 Red, 56",1,3578.27,1406.98
2018-02-09,SO43973,1,312,"Road-150 Red, 48",1,3578.27,1406.98
2018-02-09,SO43974,1,312,"Road-150 Red, 48",1,3578.27,1406.98
2018-02-09,SO43975,1,312,"Road-150 Red, 48",1,3578.27,1406.98
2018-02-09,SO43976,1,310,"Road-150 Red, 62",1,3578.27,1406.98
2018-02-09,SO43977,1,312,"Road-150 Red, 48",1,3578.27,1406.98
2018-02-10,SO43978,1,310,"Road-150 Red, 62",1,3578.27,1406.98
2018-02-10,SO43979,1,322,"Road-650 Red, 60",1,699.10,285.95
2018-02-10,SO43980,1,351,"Mountain-100 Black, 48",1,3374.99,1476.90
2018-02-10,SO43981,1,314,"Road-150 Red, 56",1,3578.27,1406.98
2018-02-10,SO43982,1,342,"Road-650 Black, 52",1,699.10,285.95
2018-02-11,SO43983,1,314,"Road-150 Red, 56",1,3578.27,1406.98
2018-02-11,SO43984,1,311,"Road-150 Red, 44",1,3578.27,1406.98
2018-02-11,SO43985,1,313,"Road-150 Red, 52",1,3578.27,1406.98
2018-02-11,SO43986,1,310,"Road-150 Red, 62",1,3578.27,1406.98
2018-02-12,SO43987,1,310,"Road-150 Red, 62",1,3578.27,1406.98
2018-02-12,SO43988,1,344,"Mountain-100 Silver, 38",1,3399.99,1487.84
2018-02-12,SO43989,1,312,"Road-150 Red, 48",1,3578.27,1406.98
2018-02-12,SO43990,1,344,"Mountain-100 Silver, 38",1,3399.99,1487.84
2018-02-12,SO43991,1,310,"Road-150 Red, 62",1,3578.27,1406.98
2018-02-12,SO43992,1,311,"Road-150 Red, 44",1,3578.27,1406.98
2018-02-14,SO43993,1,314,"Road-150 Red, 56",1,3578.27,1406.98
2018-02-15,SO43994,1,314,"Road-150 Red, 56",1,3578.27,1406.98
2018-02-15,SO43995,1,312,"Road-150 Red, 48",1,3578.27,1406.98
2018-02-15,SO43996,1,310,"Road-150 Red, 62",1,3578.27,1406.98
2018-02-15,SO43997,1,310,"Road-150 Red, 62",1,3578.27,1406.98
2018-02-15,SO43998,1,348,"Mountain-100 Black, 38",1,3374.99,1476.90
2018-02-15,SO43999,1,311,"Road-150 Red, 44",1,3578.27,1406.98
2018-02-16,SO44000,1,311,"Road-150 Red, 44",1,3578.27,1406.98
2018-02-16,SO44001,1,313,"Road-150 Red, 52",1,3578.27,1406.98
2018-02-16,SO44002,1,336,"Road-650 Black, 62",1,699.10,285.95
2018-02-16,SO44003,1,342,"Road-650 Black, 52",1,699.10,285.95
2018-02-16,SO44004,1,310,"Road-150 Red, 62",1,3578.27,1406.98
2018-02-16,SO44005,1,334,"Road-650 Black, 60",1,699.10,285.95
2018-02-16,SO44006,1,310,"Road-150 Red, 62",1,3578.27,1406.98
2018-02-16,SO44007,1,320,"Road-650 Red, 58",1,699.10,285.95
2018-02-17,SO44008,1,312,"Road-150 Red, 48",1,3578.27,1406.98
2018-02-17,SO44009,1,314,"Road-150 Red, 56",1,3578.27,1406.98
2018-02-17,SO44010,1,310,"Road-150 Red, 62",1,3578.27,1406.98
2018-02-17,SO44011,1,310,"Road-150 Red, 62",1,3578.27,1406.98
2018-02-17,SO44012,1,349,"Mountain-100 Black, 42",1,3374.99,1476.90
2018-02-17,SO44013,1,312,"Road-150 Red, 48",1,3578.27,1406.98
2018-02-18,SO44014,1,313,"Road-150 Red, 52",1,3578.27,1406.98
2018-02-18,SO44015,1,311,"Road-150 Red, 44",1,3578.27,1406.98
2018-02-18,SO44016,1,350,"Mountain-100 Black, 44",1,3374.99,1476.90
2018-02-18,SO44017,1,310,"Road-150 Red, 62",1,3578.27,1406.98
2018-02-18,SO44018,1,350,"Mountain-100 Black, 44",1,3374.99,1476.90
2018-02-18,SO44019,1,310,"Road-150 Red, 62",1,3578.27,1406.98
2018-02-18,SO44020,1,311,"Road-150 Red, 44",1,3578.27,1406.98
2018-02-18,SO44021,1,348,"Mountain-100 Black, 38",1,3374.99,1476.90
2018-02-19,SO44022,1,313,"Road-150 Red, 52",1,3578.27,1406.98
2018-02-19,SO44023,1,349,"Mountain-100 Black, 42",1,3374.99,1476.90
2018-02-19,SO44024,1,314,"Road-150 Red, 56",1,3578.27,1406.98
2018-02-19,SO44025,1,314,"Road-150 Red, 56",1,3578.27,1406.98
2018-02-19,SO44026,1,310,"Road-150 Red, 62",1,3578.27,1406.98
2018-02-20,SO44027,1,310,"Road-150 Red, 62",1,3578.27,1406.98
2018-02-20,SO44028,1,312,"Road-150 Red, 48",1,3578.27,1406.98
2018-02-20,SO44029,1,350,"Mountain-100 Black, 44",1,3374.99,1476.90
2018-02-21,SO44030,1,311,"Road-150 Red, 44",1,3578.27,1406.98
2018-02-21,SO44031,1,313,"Road-150 Red, 52",1,3578.27,1406.98
2018-02-21,SO44032,1,344,"Mountain-100 Silver, 38",1,3399.99,1487.84
2018-02-21,SO44033,1,314,"Road-150 Red, 56",1,3578.27,1406.98
2018-02-21,SO44034,1,313,"Road-150 Red, 52",1,3578.27,1406.98
2018-02-21,SO44035,1,312,"Road-150 Red, 48",1,3578.27,1406.98
2018-02-21,SO44036,1,310,"Road-150 Red, 62",1,3578.27,1406.98
2018-02-21,SO44037,1,328,"Road-650 Red, 48",1,699.10,285.95
2018-02-21,SO44038,1,344,"Mountain-100 Silver, 38",1,3399.99,1487.84
2018-02-22,SO44039,1,342,"Road-650 Black, 52",1,699.10,285.95
2018-02-22,SO44040,1,351,"Mountain-100 Black, 48",1,3374.99,1476.90
2018-02-22,SO44041,1,313,"Road-150 Red, 52",1,3578.27,1406.98
2018-02-23,SO44042,1,313,"Road-150 Red, 52",1,3578.27,1406.98
2018-02-23,SO44043,1,311,"Road-150 Red, 44",1,3578.27,1406.98
2018-02-23,SO44044,1,314,"Road-150 Red, 56",1,3578.27,1406.98
2018-02-23,SO44045,1,344,"Mountain-100 Silver, 38",1,3399.99,1487.84
2018-02-23,SO44046,1,313,"Road-150 Red, 52",1,3578.27,1406.98
2018-02-23,SO44047,1,344,"Mountain-100 Silver, 38",1,3399.99,1487.84
2018-02-23,SO44048,1,314,"Road-150 Red, 56",1,3578.27,1406.98
2018-02-24,SO44049,1,314,"Road-150 Red, 56",1,3578.27,1406.98
2018-02-24,SO44050,1,310,"Road-150 Red, 62",1,3578.27,1406.98
2018-02-25,SO44051,1,310,"Road-150 Red, 62",1,3578.27,1406.98
2018-02-25,SO44052,1,314,"Road-150 Red, 56",1,3578.27,1406.98
2018-02-26,SO44053,1,338,"Road-650 Black, 44",1,699.10,285.95
2018-02-26,SO44054,1,314,"Road-150 Red, 56",1,3578.27,1406.98
2018-02-26,SO44055,1,310,"Road-150 Red, 62",1,3578.27,1406.98
2018-02-26,SO44056,1,314,"Road-150 Red, 56",1,3578.27,1406.98
2018-02-26,SO44057,1,338,"Road-650 Black, 44",1,699.10,285.95
2018-02-26,SO44058,1,350,"Mountain-100 Black, 44",1,3374.99,1476.90
2018-02-26,SO44059,1,313,"Road-150 Red, 52",1,3578.27,1406.98
2018-02-26,SO44060,1,342,"Road-650 Black, 52",1,699.10,285.95
2018-02-27,SO44061,1,310,"Road-150 Red, 62",1,3578.27,1406.98
2018-02-27,SO44062,1,310,"Road-150 Red, 62",1,3578.27,1406.98
2018-02-27,SO44063,1,344,"Mountain-100 Silver, 38",1,3399.99,1487.84
2018-02-27,SO44064,1,310,"Road-150 Red, 62",1,3578.27,1406.98
2018-02-27,SO44065,1,310,"Road-150 Red, 62",1,3578.27,1406.98
2018-02-27,SO44066,1,344,"Mountain-100 Silver, 38",1,3399.99,1487.84
2018-02-27,SO44067,1,310,"Road-150 Red, 62",1,3578.27,1406.98
2018-02-28,SO44068,1,313,"Road-150 Red, 52",1,3578.27,1406.98
2018-02-28,SO44069,1,349,"Mountain-100 Black, 42",1,3374.99,1476.90
2018-02-28,SO44070,1,349,"Mountain-100 Black, 42",1,3374.99,1476.90
2018-02-28,SO44071,1,313,"Road-150 Red, 52",1,3578.27,1406.98
2018-02-28,SO44072,1,311,"Road-150 Red, 44",1,3578.27,1406.98
2018-02-28,SO44073,1,351,"Mountain-100 Black, 48",1,3374.99,1476.90
2018-03-01,SO44134,1,310,"Road-150 Red, 62",1,3578.27,1406.98
2018-03-01,SO44135,1,310,"Road-150 Red, 62",1,3578.27,1406.98
2018-03-01,SO44136,1,311,"Road-150 Red, 44",1,3578.27,1406.98
2018-03-01,SO44137,1,314,"Road-150 Red, 56",1,3578.27,1406.98
2018-03-02,SO44138,1,310,"Road-150 Red, 62",1,3578.27,1406.98
2018-03-02,SO44139,1,311,"Road-150 Red, 44",1,3578.27,1406.98
2018-03-02,SO44140,1,311,"Road-150 Red, 44",1,3578.27,1406.98
2018-03-02,SO44141,1,313,"Road-150 Red, 52",1,3578.27,1406.98
2018-03-02,SO44142,1,313,"Road-150 Red, 52",1,3578.27,1406.98
2018-03-02,SO44143,1,313,"Road-150 Red, 52",1,3578.27,1406.98
2018-03-02,SO44144,1,312,"Road-150 Red, 48",1,3578.27,1406.98
2018-03-02,SO44145,1,310,"Road-150 Red, 62",1,3578.27,1406.98
2018-03-02,SO44146,1,313,"Road-150 Red, 52",1,3578.27,1406.98
2018-03-02,SO44147,1,310,"Road-150 Red, 62",1,3578.27,1406.98
2018-03-03,SO44148,1,310,"Road-150 Red, 62",1,3578.27,1406.98
2018-03-03,SO44149,1,312,"Road-150 Red, 48",1,3578.27,1406.98
2018-03-03,SO44150,1,312,"Road-150 Red, 48",1,3578.27,1406.98
2018-03-03,SO44151,1,328,"Road-650 Red, 48",1,699.10,285.95
2018-03-04,SO44152,1,346,"Mountain-100 Silver, 44",1,3399.99,1487.84
2018-03-04,SO44153,1,312,"Road-150 Red, 48",1,3578.27,1406.98
2018-03-04,SO44154,1,311,"Road-150 Red, 44",1,3578.27,1406.98
2018-03-04,SO44155,1,313,"Road-150 Red, 52",1,3578.27,1406.98
2018-03-04,SO44156,1,346,"Mountain-100 Silver, 44",1,3399.99,1487.84
2018-03-04,SO44157,1,314,"Road-150 Red, 56",1,3578.27,1406.98
2018-03-05,SO44158,1,311,"Road-150 Red, 44",1,3578.27,1406.98
2018-03-05,SO44159,1,311,"Road-150 Red, 44",1,3578.27,1406.98
2018-03-05,SO44160,1,312,"Road-150 Red, 48",1,3578.27,1406.98
2018-03-06,SO44161,1,314,"Road-150 Red, 56",1,3578.27,1406.98
2018-03-06,SO44162,1,311,"Road-150 Red, 44",1,3578.27,1406.98
2018-03-06,SO44163,1,314,"Road-150 Red, 56",1,3578.27,1406.98
2018-03-06,SO44164,1,310,"Road-150 Red, 62",1,3578.27,1406.98
2018-03-06,SO44165,1,313,"Road-150 Red, 52",1,3578.27,1406.98
2018-03-06,SO44166,1,338,"Road-650 Black, 44",1,699.10,285.95
2018-03-06,SO44167,1,314,"Road-150 Red, 56",1,3578.27,1406.98
2018-03-07,SO44168,1,313,"Road-150 Red, 52",1,3578.27,1406.98
2018-03-07,SO44169,1,311,"Road-150 Red, 44",1,3578.27,1406.98
2018-03-07,SO44170,1,314,"Road-150 Red, 56",1,3578.27,1406.98
2018-03-07,SO44171,1,313,"Road-150 Red, 52",1,3578.27,1406.98
2018-03-07,SO44172,1,338,"Road-650 Black, 44",1,699.10,285.95
2018-03-08,SO44173,1,312,"Road-150 Red, 48",1,3578.27,1406.98
2018-03-08,SO44174,1,311,"Road-150 Red, 44",1,3578.27,1406.98
2018-03-08,SO44175,1,313,"Road-150 Red, 52",1,3578.27,1406.98
2018-03-09,SO44176,1,314,"Road-150 Red, 56",1,3578.27,1406.98
2018-03-09,SO44177,1,350,"Mountain-100 Black, 44",1,3374.99,1476.90
2018-03-09,SO44178,1,312,"Road-150 Red, 48",1,3578.27,1406.98
2018-03-09,SO44179,1,350,"Mountain-100 Black, 44",1,3374.99,1476.90
2018-03-09,SO44180,1,347,"Mountain-100 Silver, 48",1,3399.99,1487.84
2018-03-09,SO44181,1,312,"Road-150 Red, 48",1,3578.27,1406.98
2018-03-09,SO44182,1,310,"Road-150 Red, 62",1,3578.27,1406.98
2018-03-10,SO44183,1,310,"Road-150 Red, 62",1,3578.27,1406.98
2018-03-10,SO44184,1,314,"Road-150 Red, 56",1,3578.27,1406.98
2018-03-10,SO44185,1,310,"Road-150 Red, 62",1,3578.27,1406.98
2018-03-12,SO44186,1,347,"Mountain-100 Silver, 48",1,3399.99,1487.84
2018-03-12,SO44187,1,313,"Road-150 Red, 52",1,3578.27,1406.98
2018-03-13,SO44188,1,334,"Road-650 Black, 60",1,699.10,285.95
2018-03-13,SO44189,1,322,"Road-650 Red, 60",1,699.10,285.95
2018-03-13,SO44190,1,348,"Mountain-100 Black, 38",1,3374.99,1476.90
2018-03-13,SO44191,1,310,"Road-150 Red, 62",1,3578.27,1406.98
2018-03-14,SO44192,1,312,"Road-150 Red, 48",1,3578.27,1406.98
2018-03-14,SO44193,1,312,"Road-150 Red, 48",1,3578.27,1406.98
2018-03-14,SO44194,1,310,"Road-150 Red, 62",1,3578.27,1406.98
2018-03-14,SO44195,1,313,"Road-150 Red, 52",1,3578.27,1406.98
2018-03-14,SO44196,1,314,"Road-150 Red, 56",1,3578.27,1406.98
2018-03-15,SO44197,1,312,"Road-150 Red, 48",1,3578.27,1406.98
2018-03-15,SO44198,1,310,"Road-150 Red, 62",1,3578.27,1406.98
2018-03-15,SO44199,1,313,"Road-150 Red, 52",1,3578.27,1406.98
2018-03-15,SO44200,1,311,"Road-150 Red, 44",1,3578.27,1406.98
2018-03-16,SO44201,1,313,"Road-150 Red, 52",1,3578.27,1406.98
2018-03-16,SO44202,1,311,"Road-150 Red, 44",1,3578.27,1406.98
2018-03-16,SO44203,1,312,"Road-150 Red, 48",1,3578.27,1406.98
2018-03-16,SO44204,1,336,"Road-650 Black, 62",1,699.10,285.95
2018-03-16,SO44205,1,312,"Road-150 Red, 48",1,3578.27,1406.98
2018-03-17,SO44206,1,347,"Mountain-100 Silver, 48",1,3399.99,1487.84
2018-03-17,SO44207,1,313,"Road-150 Red, 52",1,3578.27,1406.98
2018-03-17,SO44208,1,347,"Mountain-100 Silver, 48",1,3399.99,1487.84
2018-03-17,SO44209,1,311,"Road-150 Red, 44",1,3578.27,1406.98
2018-03-18,SO44210,1,310,"Road-150 Red, 62",1,3578.27,1406.98
2018-03-18,SO44211,1,313,"Road-150 Red, 52",1,3578.27,1406.98
2018-03-18,SO44212,1,312,"Road-150 Red, 48",1,3578.27,1406.98
2018-03-18,SO44213,1,310,"Road-150 Red, 62",1,3578.27,1406.98
2018-03-18,SO44214,1,311,"Road-150 Red, 44",1,3578.27,1406.98
2018-03-19,SO44215,1,312,"Road-150 Red, 48",1,3578.27,1406.98
2018-03-19,SO44216,1,314,"Road-150 Red, 56",1,3578.27,1406.98
2018-03-19,SO44217,1,310,"Road-150 Red, 62",1,3578.27,1406.98
2018-03-19,SO44218,1,311,"Road-150 Red, 44",1,3578.27,1406.98
2018-03-19,SO44219,1,338,"Road-650 Black, 44",1,699.10,285.95
2018-03-19,SO44220,1,345,"Mountain-100 Silver, 42",1,3399.99,1487.84
2018-03-19,SO44221,1,314,"Road-150 Red, 56",1,3578.27,1406.98
2018-03-19,SO44222,1,311,"Road-150 Red, 44",1,3578.27,1406.98
2018-03-20,SO44223,1,310,"Road-150 Red, 62",1,3578.27,1406.98
2018-03-20,SO44224,1,314,"Road-150 Red, 56",1,3578.27,1406.98
2018-03-21,SO44225,1,322,"Road-650 Red, 60",1,699.10,285.95
2018-03-21,SO44226,1,313,"Road-150 Red, 52",1,3578.27,1406.98
2018-03-21,SO44227,1,349,"Mountain-100 Black, 42",1,3374.99,1476.90
2018-03-21,SO44228,1,344,"Mountain-100 Silver, 38",1,3399.99,1487.84
2018-03-21,SO44229,1,344,"Mountain-100 Silver, 38",1,3399.99,1487.84
2018-03-21,SO44230,1,312,"Road-150 Red, 48",1,3578.27,1406.98
2018-03-21,SO44231,1,334,"Road-650 Black, 60",1,699.10,285.95
2018-03-21,SO44232,1,312,"Road-150 Red, 48",1,3578.27,1406.98
2018-03-22,SO44233,1,310,"Road-150 Red, 62",1,3578.27,1406.98
2018-03-22,SO44234,1,312,"Road-150 Red, 48",1,3578.27,1406.98
2018-03-22,SO44235,1,313,"Road-150 Red, 52",1,3578.27,1406.98
2018-03-22,SO44236,1,312,"Road-150 Red, 48",1,3578.27,1406.98
2018-03-22,SO44237,1,310,"Road-150 Red, 62",1,3578.27,1406.98
2018-03-22,SO44238,1,311,"Road-150 Red, 44",1,3578.27,1406.98
2018-03-23,SO44239,1,311,"Road-150 Red, 44",1,3578.27,1406.98
2018-03-23,SO44240,1,311,"Road-150 Red, 44",1,3578.27,1406.98
2018-03-23,SO44241,1,313,"Road-150 Red, 52",1,3578.27,1406.98
2018-03-23,SO44242,1,313,"Road-150 Red, 52",1,3578.27,1406.98
2018-03-23,SO44243,1,312,"Road-150 Red, 48",1,3578.27,1406.98
2018-03-23,SO44244,1,312,"Road-150 Red, 48",1,3578.27,1406.98
2018-03-23,SO44245,1,330,"Road-650 Red, 52",1,699.10,285.95
2018-03-24,SO44246,1,312,"Road-150 Red, 48",1,3578.27,1406.98
2018-03-24,SO44247,1,310,"Road-150 Red, 62",1,3578.27,1406.98
2018-03-24,SO44248,1,313,"Road-150 Red, 52",1,3578.27,1406.98
2018-03-25,SO44249,1,313,"Road-150 Red, 52",1,3578.27,1406.98
2018-03-25,SO44250,1,312,"Road-150 Red, 48",1,3578.27,1406.98
2018-03-25,SO44251,1,311,"Road-150 Red, 44",1,3578.27,1406.98
2018-03-26,SO44252,1,312,"Road-150 Red, 48",1,3578.27,1406.98
2018-03-26,SO44253,1,310,"Road-150 Red, 62",1,3578.27,1406.98
2018-03-26,SO44254,1,314,"Road-150 Red, 56",1,3578.27,1406.98
2018-03-26,SO44255,1,340,"Road-650 Black, 48",1,699.10,285.95
2018-03-26,SO44256,1,312,"Road-150 Red, 48",1,3578.27,1406.98
2018-03-27,SO44257,1,313,"Road-150 Red, 52",1,3578.27,1406.98
2018-03-27,SO44258,1,310,"Road-150 Red, 62",1,3578.27,1406.98
2018-03-27,SO44259,1,312,"Road-150 Red, 48",1,3578.27,1406.98
2018-03-27,SO44260,1,312,"Road-150 Red, 48",1,3578.27,1406.98
2018-03-27,SO44261,1,312,"Road-150 Red, 48",1,3578.27,1406.98
2018-03-27,SO44262,1,322,"Road-650 Red, 60",1,699.10,285.95
2018-03-27,SO44263,1,310,"Road-150 Red, 62",1,3578.27,1406.98
2018-03-27,SO44264,1,313,"Road-150 Red, 52",1,3578.27,1406.98
2018-03-27,SO44265,1,320,"Road-650 Red, 58",1,699.10,285.95
2018-03-27,SO44266,1,336,"Road-650 Black, 62",1,699.10,285.95
2018-03-28,SO44267,1,336,"Road-650 Black, 62",1,699.10,285.95
2018-03-28,SO44268,1,312,"Road-150 Red, 48",1,3578.27,1406.98
2018-03-29,SO44269,1,326,"Road-650 Red, 44",1,699.10,285.95
2018-03-30,SO44270,1,314,"Road-150 Red, 56",1,3578.27,1406.98
2018-03-30,SO44271,1,314,"Road-150 Red, 56",1,3578.27,1406.98
2018-03-30,SO44272,1,311,"Road-150 Red, 44",1,3578.27,1406.98
2018-03-30,SO44273,1,311,"Road-150 Red, 44",1,3578.27,1406.98
2018-03-30,SO44274,1,314,"Road-150 Red, 56",1,3578.27,1406.98
2018-03-30,SO44275,1,311,"Road-150 Red, 44",1,3578.27,1406.98
2018-03-30,SO44276,1,313,"Road-150 Red, 52",1,3578.27,1406.98
2018-03-30,SO44277,1,311,"Road-150 Red, 44",1,3578.27,1406.98
2018-03-30,SO44278,1,310,"Road-150 Red, 62",1,3578.27,1406.98
2018-03-30,SO44279,1,313,"Road-150 Red, 52",1,3578.27,1406.98
2018-03-31,SO44320,1,314,"Road-150 Red, 56",1,3578.27,1406.98
2018-03-31,SO44321,1,311,"Road-150 Red, 44",1,3578.27,1406.98
2018-03-31,SO44322,1,328,"Road-650 Red, 48",1,699.10,285.95
2018-03-31,SO44323,1,344,"Mountain-100 Silver, 38",1,3399.99,1487.84
2018-04-01,SO44324,1,311,"Road-150 Red, 44",1,3578.27,1406.98
2018-04-01,SO44325,1,351,"Mountain-100 Black, 48",1,3374.99,1476.90
2018-04-01,SO44326,1,312,"Road-150 Red, 48",1,3578.27,1406.98
2018-04-02,SO44327,1,314,"Road-150 Red, 56",1,3578.27,1406.98
2018-04-02,SO44328,1,310,"Road-150 Red, 62",1,3578.27,1406.98
2018-04-02,SO44329,1,311,"Road-150 Red, 44",1,3578.27,1406.98
2018-04-02,SO44330,1,312,"Road-150 Red, 48",1,3578.27,1406.98
2018-04-03,SO44331,1,311,"Road-150 Red, 44",1,3578.27,1406.98
2018-04-03,SO44332,1,310,"Road-150 Red, 62",1,3578.27,1406.98
2018-04-04,SO44333,1,345,"Mountain-100 Silver, 42",1,3399.99,1487.84
2018-04-04,SO44334,1,311,"Road-150 Red, 44",1,3578.27,1406.98
2018-04-04,SO44335,1,324,"Road-650 Red, 62",1,699.10,285.95
2018-04-04,SO44336,1,345,"Mountain-100 Silver, 42",1,3399.99,1487.84
2018-04-04,SO44337,1,351,"Mountain-100 Black, 48",1,3374.99,1476.90
2018-04-04,SO44338,1,314,"Road-150 Red, 56",1,3578.27,1406.98
2018-04-04,SO44339,1,311,"Road-150 Red, 44",1,3578.27,1406.98
2018-04-04,SO44340,1,314,"Road-150 Red, 56",1,3578.27,1406.98
2018-04-05,SO44341,1,348,"Mountain-100 Black, 38",1,3374.99,1476.90
2018-04-05,SO44342,1,320,"Road-650 Red, 58",1,699.10,285.95
2018-04-05,SO44343,1,314,"Road-150 Red, 56",1,3578.27,1406.98
2018-04-06,SO44344,1,310,"Road-150 Red, 62",1,3578.27,1406.98
2018-04-06,SO44345,1,313,"Road-150 Red, 52",1,3578.27,1406.98
2018-04-06,SO44346,1,336,"Road-650 Black, 62",1,699.10,285.95
2018-04-06,SO44347,1,312,"Road-150 Red, 48",1,3578.27,1406.98
2018-04-07,SO44348,1,313,"Road-150 Red, 52",1,3578.27,1406.98
2018-04-07,SO44349,1,311,"Road-150 Red, 44",1,3578.27,1406.98
2018-04-07,SO44350,1,312,"Road-150 Red, 48",1,3578.27,1406.98
2018-04-07,SO44351,1,314,"Road-150 Red, 56",1,3578.27,1406.98
2018-04-07,SO44352,1,311,"Road-150 Red, 44",1,3578.27,1406.98
2018-04-07,SO44353,1,326,"Road-650 Red, 44",1,699.10,285.95
2018-04-07,SO44354,1,336,"Road-650 Black, 62",1,699.10,285.95
2018-04-07,SO44355,1,347,"Mountain-100 Silver, 48",1,3399.99,1487.84
2018-04-07,SO44356,1,345,"Mountain-100 Silver, 42",1,3399.99,1487.84
2018-04-07,SO44357,1,310,"Road-150 Red, 62",1,3578.27,1406.98
2018-04-07,SO44358,1,310,"Road-150 Red, 62",1,3578.27,1406.98
2018-04-08,SO44359,1,311,"Road-150 Red, 44",1,3578.27,1406.98
2018-04-08,SO44360,1,311,"Road-150 Red, 44",1,3578.27,1406.98
2018-04-08,SO44361,1,310,"Road-150 Red, 62",1,3578.27,1406.98
2018-04-08,SO44362,1,310,"Road-150 Red, 62",1,3578.27,1406.98
2018-04-08,SO44363,1,312,"Road-150 Red, 48",1,3578.27,1406.98
2018-04-08,SO44364,1,348,"Mountain-100 Black, 38",1,3374.99,1476.90
2018-04-08,SO44365,1,313,"Road-150 Red, 52",1,3578.27,1406.98
2018-04-08,SO44366,1,313,"Road-150 Red, 52",1,3578.27,1406.98
2018-04-08,SO44367,1,328,"Road-650 Red, 48",1,699.10,285.95
2018-04-09,SO44368,1,314,"Road-150 Red, 56",1,3578.27,1406.98
2018-04-09,SO44369,1,310,"Road-150 Red, 62",1,3578.27,1406.98
2018-04-09,SO44370,1,313,"Road-150 Red, 52",1,3578.27,1406.98
2018-04-09,SO44371,1,311,"Road-150 Red, 44",1,3578.27,1406.98
2018-04-09,SO44372,1,310,"Road-150 Red, 62",1,3578.27,1406.98
2018-04-10,SO44373,1,310,"Road-150 Red, 62",1,3578.27,1406.98
2018-04-10,SO44374,1,310,"Road-150 Red, 62",1,3578.27,1406.98
2018-04-10,SO44375,1,310,"Road-150 Red, 62",1,3578.27,1406.98
2018-04-10,SO44376,1,349,"Mountain-100 Black, 42",1,3374.99,1476.90
2018-04-10,SO44377,1,310,"Road-150 Red, 62",1,3578.27,1406.98
2018-04-10,SO44378,1,349,"Mountain-100 Black, 42",1,3374.99,1476.90
2018-04-10,SO44379,1,351,"Mountain-100 Black, 48",1,3374.99,1476.90
2018-04-10,SO44380,1,310,"Road-150 Red, 62",1,3578.27,1406.98
2018-04-11,SO44381,1,313,"Road-150 Red, 52",1,3578.27,1406.98
2018-04-11,SO44382,1,347,"Mountain-100 Silver, 48",1,3399.99,1487.84
2018-04-11,SO44383,1,310,"Road-150 Red, 62",1,3578.27,1406.98
2018-04-11,SO44384,1,311,"Road-150 Red, 44",1,3578.27,1406.98
2018-04-11,SO44385,1,314,"Road-150 Red, 56",1,3578.27,1406.98
2018-04-11,SO44386,1,312,"Road-150 Red, 48",1,3578.27,1406.98
2018-04-11,SO44387,1,351,"Mountain-100 Black, 48",1,3374.99,1476.90
2018-04-11,SO44388,1,310,"Road-150 Red, 62",1,3578.27,1406.98
2018-04-11,SO44389,1,313,"Road-150 Red, 52",1,3578.27,1406.98
2018-04-11,SO44390,1,314,"Road-150 Red, 56",1,3578.27,1406.98
2018-04-11,SO44391,1,313,"Road-150 Red, 52",1,3578.27,1406.98
2018-04-11,SO44392,1,314,"Road-150 Red, 56",1,3578.27,1406.98
2018-04-12,SO44393,1,345,"Mountain-100 Silver, 42",1,3399.99,1487.84
2018-04-12,SO44394,1,313,"Road-150 Red, 52",1,3578.27,1406.98
2018-04-12,SO44395,1,314,"Road-150 Red, 56",1,3578.27,1406.98
2018-04-12,SO44396,1,345,"Mountain-100 Silver, 42",1,3399.99,1487.84
2018-04-12,SO44397,1,330,"Road-650 Red, 52",1,699.10,285.95
2018-04-12,SO44398,1,312,"Road-150 Red, 48",1,3578.27,1406.98
2018-04-13,SO44399,1,311,"Road-150 Red, 44",1,3578.27,1406.98
2018-04-13,SO44400,1,312,"Road-150 Red, 48",1,3578.27,1406.98
2018-04-13,SO44401,1,312,"Road-150 Red, 48",1,3578.27,1406.98
2018-04-14,SO44402,1,314,"Road-150 Red, 56",1,3578.27,1406.98
2018-04-14,SO44403,1,350,"Mountain-100 Black, 44",1,3374.99,1476.90
2018-04-15,SO44404,1,314,"Road-150 Red, 56",1,3578.27,1406.98
2018-04-15,SO44405,1,310,"Road-150 Red, 62",1,3578.27,1406.98
2018-04-15,SO44406,1,313,"Road-150 Red, 52",1,3578.27,1406.98
2018-04-15,SO44407,1,351,"Mountain-100 Black, 48",1,3374.99,1476.90
2018-04-15,SO44408,1,351,"Mountain-100 Black, 48",1,3374.99,1476.90
2018-04-15,SO44409,1,320,"Road-650 Red, 58",1,699.10,285.95
2018-04-16,SO44410,1,310,"Road-150 Red, 62",1,3578.27,1406.98
2018-04-16,SO44411,1,312,"Road-150 Red, 48",1,3578.27,1406.98
2018-04-16,SO44412,1,349,"Mountain-100 Black, 42",1,3374.99,1476.90
2018-04-17,SO44413,1,310,"Road-150 Red, 62",1,3578.27,1406.98
2018-04-17,SO44414,1,311,"Road-150 Red, 44",1,3578.27,1406.98
2018-04-17,SO44415,1,312,"Road-150 Red, 48",1,3578.27,1406.98
2018-04-17,SO44416,1,345,"Mountain-100 Silver, 42",1,3399.99,1487.84
2018-04-17,SO44417,1,311,"Road-150 Red, 44",1,3578.27,1406.98
2018-04-17,SO44418,1,311,"Road-150 Red, 44",1,3578.27,1406.98
2018-04-17,SO44419,1,310,"Road-150 Red, 62",1,3578.27,1406.98
2018-04-17,SO44420,1,311,"Road-150 Red, 44",1,3578.27,1406.98
2018-04-18,SO44421,1,313,"Road-150 Red, 52",1,3578.27,1406.98
2018-04-18,SO44422,1,326,"Road-650 Red, 44",1,699.10,285.95
2018-04-18,SO44423,1,313,"Road-150 Red, 52",1,3578.27,1406.98
2018-04-18,SO44424,1,312,"Road-150 Red, 48",1,3578.27,1406.98
2018-04-18,SO44425,1,311,"Road-150 Red, 44",1,3578.27,1406.98
2018-04-19,SO44426,1,314,"Road-150 Red, 56",1,3578.27,1406.98
2018-04-19,SO44427,1,314,"Road-150 Red, 56",1,3578.27,1406.98
2018-04-19,SO44428,1,313,"Road-150 Red, 52",1,3578.27,1406.98
2018-04-19,SO44429,1,314,"Road-150 Red, 56",1,3578.27,1406.98
2018-04-19,SO44430,1,313,"Road-150 Red, 52",1,3578.27,1406.98
2018-04-19,SO44431,1,312,"Road-150 Red, 48",1,3578.27,1406.98
2018-04-20,SO44432,1,314,"Road-150 Red, 56",1,3578.27,1406.98
2018-04-20,SO44433,1,312,"Road-150 Red, 48",1,3578.27,1406.98
2018-04-20,SO44434,1,310,"Road-150 Red, 62",1,3578.27,1406.98
2018-04-21,SO44435,1,312,"Road-150 Red, 48",1,3578.27,1406.98
2018-04-21,SO44436,1,322,"Road-650 Red, 60",1,699.10,285.95
2018-04-21,SO44437,1,344,"Mountain-100 Silver, 38",1,3399.99,1487.84
2018-04-21,SO44438,1,312,"Road-150 Red, 48",1,3578.27,1406.98
2018-04-22,SO44439,1,310,"Road-150 Red, 62",1,3578.27,1406.98
2018-04-22,SO44440,1,312,"Road-150 Red, 48",1,3578.27,1406.98
2018-04-22,SO44441,1,312,"Road-150 Red, 48",1,3578.27,1406.98
2018-04-22,SO44442,1,334,"Road-650 Black, 60",1,699.10,285.95
2018-04-22,SO44443,1,310,"Road-150 Red, 62",1,3578.27,1406.98
2018-04-24,SO44444,1,311,"Road-150 Red, 44",1,3578.27,1406.98
2018-04-25,SO44445,1,314,"Road-150 Red, 56",1,3578.27,1406.98
2018-04-25,SO44446,1,313,"Road-150 Red, 52",1,3578.27,1406.98
2018-04-26,SO44447,1,312,"Road-150 Red, 48",1,3578.27,1406.98
2018-04-26,SO44448,1,311,"Road-150 Red, 44",1,3578.27,1406.98
2018-04-26,SO44449,1,312,"Road-150 Red, 48",1,3578.27,1406.98
2018-04-26,SO44450,1,310,"Road-150 Red, 62",1,3578.27,1406.98
2018-04-26,SO44451,1,313,"Road-150 Red, 52",1,3578.27,1406.98
2018-04-26,SO44452,1,332,"Road-650 Black, 58",1,699.10,285.95
2018-04-26,SO44453,1,310,"Road-150 Red, 62",1,3578.27,1406.98
2018-04-26,SO44454,1,310,"Road-150 Red, 62",1,3578.27,1406.98
2018-04-26,SO44455,1,312,"Road-150 Red, 48",1,3578.27,1406.98
2018-04-26,SO44456,1,320,"Road-650 Red, 58",1,699.10,285.95
2018-04-27,SO44457,1,311,"Road-150 Red, 44",1,3578.27,1406.98
2018-04-27,SO44458,1,314,"Road-150 Red, 56",1,3578.27,1406.98
2018-04-27,SO44459,1,314,"Road-150 Red, 56",1,3578.27,1406.98
2018-04-27,SO44460,1,334,"Road-650 Black, 60",1,699.10,285.95
2018-04-27,SO44461,1,313,"Road-150 Red, 52",1,3578.27,1406.98
2018-04-28,SO44462,1,311,"Road-150 Red, 44",1,3578.27,1406.98
2018-04-28,SO44463,1,332,"Road-650 Black, 58",1,699.10,285.95
2018-04-28,SO44464,1,314,"Road-150 Red, 56",1,3578.27,1406.98
2018-04-28,SO44465,1,320,"Road-650 Red, 58",1,699.10,285.95
2018-04-28,SO44466,1,334,"Road-650 Black, 60",1,699.10,285.95
2018-04-28,SO44467,1,346,"Mountain-100 Silver, 44",1,3399.99,1487.84
2018-04-28,SO44468,1,351,"Mountain-100 Black, 48",1,3374.99,1476.90
2018-04-28,SO44469,1,314,"Road-150 Red, 56",1,3578.27,1406.98
2018-04-28,SO44470,1,313,"Road-150 Red, 52",1,3578.27,1406.98
2018-04-28,SO44471,1,322,"Road-650 Red, 60",1,699.10,285.95
2018-04-29,SO44472,1,312,"Road-150 Red, 48",1,3578.27,1406.98
2018-04-29,SO44473,1,312,"Road-150 Red, 48",1,3578.27,1406.98
2018-04-29,SO44474,1,330,"Road-650 Red, 52",1,699.10,285.95
2018-04-29,SO44475,1,345,"Mountain-100 Silver, 42",1,3399.99,1487.84
2018-04-29,SO44476,1,314,"Road-150 Red, 56",1,3578.27,1406.98
2018-04-29,SO44477,1,310,"Road-150 Red, 62",1,3578.27,1406.98
2018-04-29,SO44478,1,314,"Road-150 Red, 56",1,3578.27,1406.98
2018-04-30,SO44479,1,350,"Mountain-100 Black, 44",1,3374.99,1476.90
2018-04-30,SO44480,1,350,"Mountain-100 Black, 44",1,3374.99,1476.90
2018-05-01,SO44571,1,347,"Mountain-100 Silver, 48",1,3399.99,1487.84
2018-05-01,SO44572,1,314,"Road-150 Red, 56",1,3578.27,1406.98
2018-05-01,SO44573,1,347,"Mountain-100 Silver, 48",1,3399.99,1487.84
2018-05-01,SO44574,1,349,"Mountain-100 Black, 42",1,3374.99,1476.90
2018-05-01,SO44575,1,344,"Mountain-100 Silver, 38",1,3399.99,1487.84
2018-05-01,SO44576,1,313,"Road-150 Red, 52",1,3578.27,1406.98
2018-05-02,SO44577,1,314,"Road-150 Red, 56",1,3578.27,1406.98
2018-05-02,SO44578,1,314,"Road-150 Red, 56",1,3578.27,1406.98
2018-05-02,SO44579,1,312,"Road-150 Red, 48",1,3578.27,1406.98
2018-05-03,SO44580,1,314,"Road-150 Red, 56",1,3578.27,1406.98
2018-05-03,SO44581,1,348,"Mountain-100 Black, 38",1,3374.99,1476.90
2018-05-03,SO44582,1,346,"Mountain-100 Silver, 44",1,3399.99,1487.84
2018-05-03,SO44583,1,310,"Road-150 Red, 62",1,3578.27,1406.98
2018-05-04,SO44584,1,313,"Road-150 Red, 52",1,3578.27,1406.98
2018-05-04,SO44585,1,312,"Road-150 Red, 48",1,3578.27,1406.98
2018-05-04,SO44586,1,314,"Road-150 Red, 56",1,3578.27,1406.98
2018-05-04,SO44587,1,311,"Road-150 Red, 44",1,3578.27,1406.98
2018-05-04,SO44588,1,342,"Road-650 Black, 52",1,699.10,285.95
2018-05-04,SO44589,1,346,"Mountain-100 Silver, 44",1,3399.99,1487.84
2018-05-05,SO44590,1,310,"Road-150 Red, 62",1,3578.27,1406.98
2018-05-05,SO44591,1,330,"Road-650 Red, 52",1,699.10,285.95
2018-05-05,SO44592,1,314,"Road-150 Red, 56",1,3578.27,1406.98
2018-05-05,SO44593,1,313,"Road-150 Red, 52",1,3578.27,1406.98
2018-05-05,SO44594,1,310,"Road-150 Red, 62",1,3578.27,1406.98
2018-05-05,SO44595,1,345,"Mountain-100 Silver, 42",1,3399.99,1487.84
2018-05-05,SO44596,1,313,"Road-150 Red, 52",1,3578.27,1406.98
2018-05-06,SO44597,1,310,"Road-150 Red, 62",1,3578.27,1406.98
2018-05-06,SO44598,1,348,"Mountain-100 Black, 38",1,3374.99,1476.90
2018-05-06,SO44599,1,310,"Road-150 Red, 62",1,3578.27,1406.98
2018-05-06,SO44600,1,314,"Road-150 Red, 56",1,3578.27,1406.98
2018-05-06,SO44601,1,345,"Mountain-100 Silver, 42",1,3399.99,1487.84
2018-05-07,SO44602,1,314,"Road-150 Red, 56",1,3578.27,1406.98
2018-05-07,SO44603,1,342,"Road-650 Black, 52",1,699.10,285.95
2018-05-07,SO44604,1,322,"Road-650 Red, 60",1,699.10,285.95
2018-05-07,SO44605,1,314,"Road-150 Red, 56",1,3578.27,1406.98
2018-05-07,SO44606,1,313,"Road-150 Red, 52",1,3578.27,1406.98
2018-05-07,SO44607,1,310,"Road-150 Red, 62",1,3578.27,1406.98
2018-05-07,SO44608,1,313,"Road-150 Red, 52",1,3578.27,1406.98
2018-05-07,SO44609,1,311,"Road-150 Red, 44",1,3578.27,1406.98
2018-05-07,SO44610,1,313,"Road-150 Red, 52",1,3578.27,1406.98
2018-05-08,SO44611,1,314,"Road-150 Red, 56",1,3578.27,1406.98
2018-05-08,SO44612,1,311,"Road-150 Red, 44",1,3578.27,1406.98
2018-05-08,SO44613,1,313,"Road-150 Red, 52",1,3578.27,1406.98
2018-05-08,SO44614,1,312,"Road-150 Red, 48",1,3578.27,1406.98
2018-05-08,SO44615,1,314,"Road-150 Red, 56",1,3578.27,1406.98
2018-05-08,SO44616,1,314,"Road-150 Red, 56",1,3578.27,1406.98
2018-05-08,SO44617,1,313,"Road-150 Red, 52",1,3578.27,1406.98
2018-05-08,SO44618,1,314,"Road-150 Red, 56",1,3578.27,1406.98
2018-05-09,SO44619,1,312,"Road-150 Red, 48",1,3578.27,1406.98
2018-05-09,SO44620,1,312,"Road-150 Red, 48",1,3578.27,1406.98
2018-05-09,SO44621,1,313,"Road-150 Red, 52",1,3578.27,1406.98
2018-05-09,SO44622,1,311,"Road-150 Red, 44",1,3578.27,1406.98
2018-05-10,SO44623,1,312,"Road-150 Red, 48",1,3578.27,1406.98
2018-05-10,SO44624,1,342,"Road-650 Black, 52",1,699.10,285.95
2018-05-10,SO44625,1,314,"Road-150 Red, 56",1,3578.27,1406.98
2018-05-10,SO44626,1,313,"Road-150 Red, 52",1,3578.27,1406.98
2018-05-10,SO44627,1,349,"Mountain-100 Black, 42",1,3374.99,1476.90
2018-05-10,SO44628,1,348,"Mountain-100 Black, 38",1,3374.99,1476.90
2018-05-10,SO44629,1,311,"Road-150 Red, 44",1,3578.27,1406.98
2018-05-11,SO44630,1,312,"Road-150 Red, 48",1,3578.27,1406.98
2018-05-11,SO44631,1,310,"Road-150 Red, 62",1,3578.27,1406.98
2018-05-11,SO44632,1,314,"Road-150 Red, 56",1,3578.27,1406.98
2018-05-11,SO44633,1,310,"Road-150 Red, 62",1,3578.27,1406.98
2018-05-11,SO44634,1,311,"Road-150 Red, 44",1,3578.27,1406.98
2018-05-11,SO44635,1,310,"Road-150 Red, 62",1,3578.27,1406.98
2018-05-12,SO44636,1,314,"Road-150 Red, 56",1,3578.27,1406.98
2018-05-12,SO44637,1,311,"Road-150 Red, 44",1,3578.27,1406.98
2018-05-12,SO44638,1,310,"Road-150 Red, 62",1,3578.27,1406.98
2018-05-12,SO44639,1,330,"Road-650 Red, 52",1,699.10,285.95
2018-05-12,SO44640,1,313,"Road-150 Red, 52",1,3578.27,1406.98
2018-05-12,SO44641,1,313,"Road-150 Red, 52",1,3578.27,1406.98
2018-05-12,SO44642,1,330,"Road-650 Red, 52",1,699.10,285.95
2018-05-13,SO44643,1,314,"Road-150 Red, 56",1,3578.27,1406.98
2018-05-13,SO44644,1,311,"Road-150 Red, 44",1,3578.27,1406.98
2018-05-13,SO44645,1,344,"Mountain-100 Silver, 38",1,3399.99,1487.84
2018-05-13,SO44646,1,344,"Mountain-100 Silver, 38",1,3399.99,1487.84
2018-05-13,SO44647,1,312,"Road-150 Red, 48",1,3578.27,1406.98
2018-05-13,SO44648,1,344,"Mountain-100 Silver, 38",1,3399.99,1487.84
2018-05-13,SO44649,1,344,"Mountain-100 Silver, 38",1,3399.99,1487.84
2018-05-13,SO44650,1,351,"Mountain-100 Black, 48",1,3374.99,1476.90
2018-05-14,SO44651,1,313,"Road-150 Red, 52",1,3578.27,1406.98
2018-05-14,SO44652,1,350,"Mountain-100 Black, 44",1,3374.99,1476.90
2018-05-14,SO44653,1,326,"Road-650 Red, 44",1,699.10,285.95
2018-05-14,SO44654,1,313,"Road-150 Red, 52",1,3578.27,1406.98
2018-05-14,SO44655,1,346,"Mountain-100 Silver, 44",1,3399.99,1487.84
2018-05-14,SO44656,1,311,"Road-150 Red, 44",1,3578.27,1406.98
2018-05-14,SO44657,1,350,"Mountain-100 Black, 44",1,3374.99,1476.90
2018-05-14,SO44658,1,312,"Road-150 Red, 48",1,3578.27,1406.98
2018-05-14,SO44659,1,313,"Road-150 Red, 52",1,3578.27,1406.98
2018-05-15,SO44660,1,310,"Road-150 Red, 62",1,3578.27,1406.98
2018-05-15,SO44661,1,336,"Road-650 Black, 62",1,699.10,285.95
2018-05-15,SO44662,1,349,"Mountain-100 Black, 42",1,3374.99,1476.90
2018-05-15,SO44663,1,313,"Road-150 Red, 52",1,3578.27,1406.98
2018-05-15,SO44664,1,311,"Road-150 Red, 44",1,3578.27,1406.98
2018-05-15,SO44665,1,334,"Road-650 Black, 60",1,699.10,285.95
2018-05-16,SO44666,1,313,"Road-150 Red, 52",1,3578.27,1406.98
2018-05-16,SO44667,1,310,"Road-150 Red, 62",1,3578.27,1406.98
2018-05-16,SO44668,1,313,"Road-150 Red, 52",1,3578.27,1406.98
2018-05-16,SO44669,1,350,"Mountain-100 Black, 44",1,3374.99,1476.90
2018-05-16,SO44670,1,313,"Road-150 Red, 52",1,3578.27,1406.98
2018-05-16,SO44671,1,311,"Road-150 Red, 44",1,3578.27,1406.98
2018-05-16,SO44672,1,310,"Road-150 Red, 62",1,3578.27,1406.98
2018-05-17,SO44673,1,314,"Road-150 Red, 56",1,3578.27,1406.98
2018-05-17,SO44674,1,314,"Road-150 Red, 56",1,3578.27,1406.98
2018-05-17,SO44675,1,336,"Road-650 Black, 62",1,699.10,285.95
2018-05-17,SO44676,1,312,"Road-150 Red, 48",1,3578.27,1406.98
2018-05-18,SO44677,1,310,"Road-150 Red, 62",1,3578.27,1406.98
2018-05-18,SO44678,1,310,"Road-150 Red, 62",1,3578.27,1406.98
2018-05-18,SO44679,1,346,"Mountain-100 Silver, 44",1,3399.99,1487.84
2018-05-19,SO44680,1,312,"Road-150 Red, 48",1,3578.27,1406.98
2018-05-19,SO44681,1,342,"Road-650 Black, 52",1,699.10,285.95
2018-05-19,SO44682,1,310,"Road-150 Red, 62",1,3578.27,1406.98
2018-05-19,SO44683,1,312,"Road-150 Red, 48",1,3578.27,1406.98
2018-05-19,SO44684,1,310,"Road-150 Red, 62",1,3578.27,1406.98
2018-05-19,SO44685,1,310,"Road-150 Red, 62",1,3578.27,1406.98
2018-05-20,SO44686,1,313,"Road-150 Red, 52",1,3578.27,1406.98
2018-05-20,SO44687,1,342,"Road-650 Black, 52",1,699.10,285.95
2018-05-20,SO44688,1,310,"Road-150 Red, 62",1,3578.27,1406.98
2018-05-20,SO44689,1,310,"Road-150 Red, 62",1,3578.27,1406.98
2018-05-20,SO44690,1,344,"Mountain-100 Silver, 38",1,3399.99,1487.84
2018-05-21,SO44691,1,346,"Mountain-100 Silver, 44",1,3399.99,1487.84
2018-05-21,SO44692,1,311,"Road-150 Red, 44",1,3578.27,1406.98
2018-05-21,SO44693,1,311,"Road-150 Red, 44",1,3578.27,1406.98
2018-05-21,SO44694,1,311,"Road-150 Red, 44",1,3578.27,1406.98
2018-05-21,SO44695,1,346,"Mountain-100 Silver, 44",1,3399.99,1487.84
2018-05-21,SO44696,1,313,"Road-150 Red, 52",1,3578.27,1406.98
2018-05-22,SO44697,1,310,"Road-150 Red, 62",1,3578.27,1406.98
2018-05-22,SO44698,1,326,"Road-650 Red, 44",1,699.10,285.95
2018-05-23,SO44699,1,313,"Road-150 Red, 52",1,3578.27,1406.98
2018-05-23,SO44700,1,314,"Road-150 Red, 56",1,3578.27,1406.98
2018-05-23,SO44701,1,336,"Road-650 Black, 62",1,699.10,285.95
2018-05-23,SO44702,1,314,"Road-150 Red, 56",1,3578.27,1406.98
2018-05-24,SO44703,1,311,"Road-150 Red, 44",1,3578.27,1406.98
2018-05-24,SO44704,1,350,"Mountain-100 Black, 44",1,3374.99,1476.90
2018-05-24,SO44705,1,311,"Road-150 Red, 44",1,3578.27,1406.98
2018-05-24,SO44706,1,311,"Road-150 Red, 44",1,3578.27,1406.98
2018-05-24,SO44707,1,311,"Road-150 Red, 44",1,3578.27,1406.98
2018-05-24,SO44708,1,350,"Mountain-100 Black, 44",1,3374.99,1476.90
2018-05-24,SO44709,1,311,"Road-150 Red, 44",1,3578.27,1406.98
2018-05-25,SO44710,1,313,"Road-150 Red, 52",1,3578.27,1406.98
2018-05-25,SO44711,1,310,"Road-150 Red, 62",1,3578.27,1406.98
2018-05-25,SO44712,1,348,"Mountain-100 Black, 38",1,3374.99,1476.90
2018-05-26,SO44713,1,313,"Road-150 Red, 52",1,3578.27,1406.98
2018-05-26,SO44714,1,313,"Road-150 Red, 52",1,3578.27,1406.98
2018-05-26,SO44715,1,314,"Road-150 Red, 56",1,3578.27,1406.98
2018-05-26,SO44716,1,314,"Road-150 Red, 56",1,3578.27,1406.98
2018-05-26,SO44717,1,336,"Road-650 Black, 62",1,699.10,285.95
2018-05-26,SO44718,1,314,"Road-150 Red, 56",1,3578.27,1406.98
2018-05-27,SO44719,1,313,"Road-150 Red, 52",1,3578.27,1406.98
2018-05-27,SO44720,1,311,"Road-150 Red, 44",1,3578.27,1406.98
2018-05-27,SO44721,1,342,"Road-650 Black, 52",1,699.10,285.95
2018-05-28,SO44722,1,310,"Road-150 Red, 62",1,3578.27,1406.98
2018-05-28,SO44723,1,345,"Mountain-100 Silver, 42",1,3399.99,1487.84
2018-05-28,SO44724,1,314,"Road-150 Red, 56",1,3578.27,1406.98
2018-05-28,SO44725,1,345,"Mountain-100 Silver, 42",1,3399.99,1487.84
2018-05-28,SO44726,1,332,"Road-650 Black, 58",1,699.10,285.95
2018-05-28,SO44727,1,313,"Road-150 Red, 52",1,3578.27,1406.98
2018-05-28,SO44728,1,344,"Mountain-100 Silver, 38",1,3399.99,1487.84
2018-05-29,SO44729,1,310,"Road-150 Red, 62",1,3578.27,1406.98
2018-05-29,SO44730,1,311,"Road-150 Red, 44",1,3578.27,1406.98
2018-05-29,SO44731,1,312,"Road-150 Red, 48",1,3578.27,1406.98
2018-05-29,SO44732,1,312,"Road-150 Red, 48",1,3578.27,1406.98
2018-05-29,SO44733,1,313,"Road-150 Red, 52",1,3578.27,1406.98
2018-05-30,SO44734,1,313,"Road-150 Red, 52",1,3578.27,1406.98
2018-05-30,SO44735,1,311,"Road-150 Red, 44",1,3578.27,1406.98
2018-05-30,SO44736,1,328,"Road-650 Red, 48",1,699.10,285.95
2018-05-30,SO44737,1,314,"Road-150 Red, 56",1,3578.27,1406.98
2018-05-30,SO44738,1,313,"Road-150 Red, 52",1,3578.27,1406.98
2018-05-30,SO44739,1,312,"Road-150 Red, 48",1,3578.27,1406.98
2018-05-31,SO44803,1,310,"Road-150 Red, 62",1,3578.27,1406.98
2018-05-31,SO44804,1,310,"Road-150 Red, 62",1,3578.27,1406.98
2018-05-31,SO44805,1,314,"Road-150 Red, 56",1,3578.27,1406.98
2018-05-31,SO44806,1,311,"Road-150 Red, 44",1,3578.27,1406.98
2018-05-31,SO44807,1,350,"Mountain-100 Black, 44",1,3374.99,1476.90
2018-06-01,SO44808,1,311,"Road-150 Red, 44",1,3578.27,1406.98
2018-06-01,SO44809,1,342,"Road-650 Black, 52",1,699.10,285.95
2018-06-01,SO44810,1,311,"Road-150 Red, 44",1,3578.27,1406.98
2018-06-01,SO44811,1,311,"Road-150 Red, 44",1,3578.27,1406.98
2018-06-01,SO44812,1,314,"Road-150 Red, 56",1,3578.27,1406.98
2018-06-01,SO44813,1,312,"Road-150 Red, 48",1,3578.27,1406.98
2018-06-01,SO44814,1,313,"Road-150 Red, 52",1,3578.27,1406.98
2018-06-01,SO44815,1,351,"Mountain-100 Black, 48",1,3374.99,1476.90
2018-06-02,SO44816,1,312,"Road-150 Red, 48",1,3578.27,1406.98
2018-06-02,SO44817,1,312,"Road-150 Red, 48",1,3578.27,1406.98
2018-06-02,SO44818,1,313,"Road-150 Red, 52",1,3578.27,1406.98
2018-06-02,SO44819,1,313,"Road-150 Red, 52",1,3578.27,1406.98
2018-06-02,SO44820,1,350,"Mountain-100 Black, 44",1,3374.99,1476.90
2018-06-02,SO44821,1,345,"Mountain-100 Silver, 42",1,3399.99,1487.84
2018-06-02,SO44822,1,311,"Road-150 Red, 44",1,3578.27,1406.98
2018-06-02,SO44823,1,313,"Road-150 Red, 52",1,3578.27,1406.98
2018-06-02,SO44824,1,312,"Road-150 Red, 48",1,3578.27,1406.98
2018-06-02,SO44825,1,312,"Road-150 Red, 48",1,3578.27,1406.98
2018-06-03,SO44826,1,314,"Road-150 Red, 56",1,3578.27,1406.98
2018-06-03,SO44827,1,344,"Mountain-100 Silver, 38",1,3399.99,1487.84
2018-06-03,SO44828,1,312,"Road-150 Red, 48",1,3578.27,1406.98
2018-06-03,SO44829,1,334,"Road-650 Black, 60",1,699.10,285.95
2018-06-03,SO44830,1,314,"Road-150 Red, 56",1,3578.27,1406.98
2018-06-04,SO44831,1,350,"Mountain-100 Black, 44",1,3374.99,1476.90
2018-06-04,SO44832,1,311,"Road-150 Red, 44",1,3578.27,1406.98
2018-06-04,SO44833,1,310,"Road-150 Red, 62",1,3578.27,1406.98
2018-06-04,SO44834,1,350,"Mountain-100 Black, 44",1,3374.99,1476.90
2018-06-04,SO44835,1,311,"Road-150 Red, 44",1,3578.27,1406.98
2018-06-04,SO44836,1,314,"Road-150 Red, 56",1,3578.27,1406.98
2018-06-05,SO44837,1,312,"Road-150 Red, 48",1,3578.27,1406.98
2018-06-05,SO44838,1,311,"Road-150 Red, 44",1,3578.27,1406.98
2018-06-05,SO44839,1,314,"Road-150 Red, 56",1,3578.27,1406.98
2018-06-05,SO44840,1,314,"Road-150 Red, 56",1,3578.27,1406.98
2018-06-05,SO44841,1,314,"Road-150 Red, 56",1,3578.27,1406.98
2018-06-06,SO44842,1,310,"Road-150 Red, 62",1,3578.27,1406.98
2018-06-06,SO44843,1,312,"Road-150 Red, 48",1,3578.27,1406.98
2018-06-06,SO44844,1,314,"Road-150 Red, 56",1,3578.27,1406.98
2018-06-06,SO44845,1,313,"Road-150 Red, 52",1,3578.27,1406.98
2018-06-06,SO44846,1,314,"Road-150 Red, 56",1,3578.27,1406.98
2018-06-06,SO44847,1,346,"Mountain-100 Silver, 44",1,3399.99,1487.84
2018-06-07,SO44848,1,348,"Mountain-100 Black, 38",1,3374.99,1476.90
2018-06-07,SO44849,1,322,"Road-650 Red, 60",1,699.10,285.95
2018-06-07,SO44850,1,336,"Road-650 Black, 62",1,699.10,285.95
2018-06-07,SO44851,1,310,"Road-150 Red, 62",1,3578.27,1406.98
2018-06-07,SO44852,1,311,"Road-150 Red, 44",1,3578.27,1406.98
2018-06-07,SO44853,1,348,"Mountain-100 Black, 38",1,3374.99,1476.90
2018-06-07,SO44854,1,311,"Road-150 Red, 44",1,3578.27,1406.98
2018-06-07,SO44855,1,320,"Road-650 Red, 58",1,699.10,285.95
2018-06-07,SO44856,1,328,"Road-650 Red, 48",1,699.10,285.95
2018-06-07,SO44857,1,310,"Road-150 Red, 62",1,3578.27,1406.98
2018-06-07,SO44858,1,312,"Road-150 Red, 48",1,3578.27,1406.98
2018-06-07,SO44859,1,310,"Road-150 Red, 62",1,3578.27,1406.98
2018-06-07,SO44860,1,310,"Road-150 Red, 62",1,3578.27,1406.98
2018-06-07,SO44861,1,314,"Road-150 Red, 56",1,3578.27,1406.98
2018-06-07,SO44862,1,313,"Road-150 Red, 52",1,3578.27,1406.98
2018-06-07,SO44863,1,310,"Road-150 Red, 62",1,3578.27,1406.98
2018-06-07,SO44864,1,348,"Mountain-100 Black, 38",1,3374.99,1476.90
2018-06-07,SO44865,1,351,"Mountain-100 Black, 48",1,3374.99,1476.90
2018-06-07,SO44866,1,350,"Mountain-100 Black, 44",1,3374.99,1476.90
2018-06-08,SO44867,1,313,"Road-150 Red, 52",1,3578.27,1406.98
2018-06-08,SO44868,1,313,"Road-150 Red, 52",1,3578.27,1406.98
2018-06-08,SO44869,1,312,"Road-150 Red, 48",1,3578.27,1406.98
2018-06-08,SO44870,1,311,"Road-150 Red, 44",1,3578.27,1406.98
2018-06-08,SO44871,1,345,"Mountain-100 Silver, 42",1,3399.99,1487.84
2018-06-09,SO44872,1,312,"Road-150 Red, 48",1,3578.27,1406.98
2018-06-09,SO44873,1,312,"Road-150 Red, 48",1,3578.27,1406.98
2018-06-10,SO44874,1,320,"Road-650 Red, 58",1,699.10,285.95
2018-06-10,SO44875,1,313,"Road-150 Red, 52",1,3578.27,1406.98
2018-06-10,SO44876,1,312,"Road-150 Red, 48",1,3578.27,1406.98
2018-06-10,SO44877,1,311,"Road-150 Red, 44",1,3578.27,1406.98
2018-06-10,SO44878,1,311,"Road-150 Red, 44",1,3578.27,1406.98
2018-06-10,SO44879,1,310,"Road-150 Red, 62",1,3578.27,1406.98
2018-06-10,SO44880,1,311,"Road-150 Red, 44",1,3578.27,1406.98
2018-06-10,SO44881,1,313,"Road-150 Red, 52",1,3578.27,1406.98
2018-06-10,SO44882,1,311,"Road-150 Red, 44",1,3578.27,1406.98
2018-06-10,SO44883,1,314,"Road-150 Red, 56",1,3578.27,1406.98
2018-06-10,SO44884,1,312,"Road-150 Red, 48",1,3578.27,1406.98
2018-06-11,SO44885,1,310,"Road-150 Red, 62",1,3578.27,1406.98
2018-06-11,SO44886,1,314,"Road-150 Red, 56",1,3578.27,1406.98
2018-06-11,SO44887,1,310,"Road-150 Red, 62",1,3578.27,1406.98
2018-06-11,SO44888,1,310,"Road-150 Red, 62",1,3578.27,1406.98
2018-06-12,SO44889,1,348,"Mountain-100 Black, 38",1,3374.99,1476.90
2018-06-12,SO44890,1,346,"Mountain-100 Silver, 44",1,3399.99,1487.84
2018-06-12,SO44891,1,310,"Road-150 Red, 62",1,3578.27,1406.98
2018-06-12,SO44892,1,313,"Road-150 Red, 52",1,3578.27,1406.98
2018-06-12,SO44893,1,314,"Road-150 Red, 56",1,3578.27,1406.98
2018-06-12,SO44894,1,348,"Mountain-100 Black, 38",1,3374.99,1476.90
2018-06-12,SO44895,1,351,"Mountain-100 Black, 48",1,3374.99,1476.90
2018-06-12,SO44896,1,346,"Mountain-100 Silver, 44",1,3399.99,1487.84
2018-06-12,SO44897,1,314,"Road-150 Red, 56",1,3578.27,1406.98
2018-06-12,SO44898,1,310,"Road-150 Red, 62",1,3578.27,1406.98
2018-06-12,SO44899,1,351,"Mountain-100 Black, 48",1,3374.99,1476.90
2018-06-13,SO44900,1,314,"Road-150 Red, 56",1,3578.27,1406.98
2018-06-13,SO44901,1,313,"Road-150 Red, 52",1,3578.27,1406.98
2018-06-13,SO44902,1,314,"Road-150 Red, 56",1,3578.27,1406.98
2018-06-13,SO44903,1,313,"Road-150 Red, 52",1,3578.27,1406.98
2018-06-13,SO44904,1,350,"Mountain-100 Black, 44",1,3374.99,1476.90
2018-06-14,SO44905,1,312,"Road-150 Red, 48",1,3578.27,1406.98
2018-06-14,SO44906,1,311,"Road-150 Red, 44",1,3578.27,1406.98
2018-06-14,SO44907,1,324,"Road-650 Red, 62",1,699.10,285.95
2018-06-14,SO44908,1,314,"Road-150 Red, 56",1,3578.27,1406.98
2018-06-14,SO44909,1,310,"Road-150 Red, 62",1,3578.27,1406.98
2018-06-14,SO44910,1,344,"Mountain-100 Silver, 38",1,3399.99,1487.84
2018-06-14,SO44911,1,349,"Mountain-100 Black, 42",1,3374.99,1476.90
2018-06-14,SO44912,1,310,"Road-150 Red, 62",1,3578.27,1406.98
2018-06-14,SO44913,1,311,"Road-150 Red, 44",1,3578.27,1406.98
2018-06-14,SO44914,1,311,"Road-150 Red, 44",1,3578.27,1406.98
2018-06-14,SO44915,1,312,"Road-150 Red, 48",1,3578.27,1406.98
2018-06-14,SO44916,1,311,"Road-150 Red, 44",1,3578.27,1406.98
2018-06-15,SO44917,1,310,"Road-150 Red, 62",1,3578.27,1406.98
2018-06-15,SO44918,1,350,"Mountain-100 Black, 44",1,3374.99,1476.90
2018-06-15,SO44919,1,310,"Road-150 Red, 62",1,3578.27,1406.98
2018-06-15,SO44920,1,338,"Road-650 Black, 44",1,699.10,285.95
2018-06-15,SO44921,1,312,"Road-150 Red, 48",1,3578.27,1406.98
2018-06-15,SO44922,1,314,"Road-150 Red, 56",1,3578.27,1406.98
2018-06-15,SO44923,1,312,"Road-150 Red, 48",1,3578.27,1406.98
2018-06-16,SO44924,1,310,"Road-150 Red, 62",1,3578.27,1406.98
2018-06-16,SO44925,1,313,"Road-150 Red, 52",1,3578.27,1406.98
2018-06-16,SO44926,1,328,"Road-650 Red, 48",1,699.10,285.95
2018-06-16,SO44927,1,348,"Mountain-100 Black, 38",1,3374.99,1476.90
2018-06-17,SO44928,1,314,"Road-150 Red, 56",1,3578.27,1406.98
2018-06-17,SO44929,1,312,"Road-150 Red, 48",1,3578.27,1406.98
2018-06-17,SO44930,1,312,"Road-150 Red, 48",1,3578.27,1406.98
2018-06-17,SO44931,1,312,"Road-150 Red, 48",1,3578.27,1406.98
2018-06-17,SO44932,1,312,"Road-150 Red, 48",1,3578.27,1406.98
2018-06-17,SO44933,1,312,"Road-150 Red, 48",1,3578.27,1406.98
2018-06-18,SO44934,1,312,"Road-150 Red, 48",1,3578.27,1406.98
2018-06-18,SO44935,1,312,"Road-150 Red, 48",1,3578.27,1406.98
2018-06-18,SO44936,1,312,"Road-150 Red, 48",1,3578.27,1406.98
2018-06-18,SO44937,1,311,"Road-150 Red, 44",1,3578.27,1406.98
2018-06-18,SO44938,1,314,"Road-150 Red, 56",1,3578.27,1406.98
2018-06-18,SO44939,1,314,"Road-150 Red, 56",1,3578.27,1406.98
2018-06-18,SO44940,1,311,"Road-150 Red, 44",1,3578.27,1406.98
2018-06-18,SO44941,1,310,"Road-150 Red, 62",1,3578.27,1406.98
2018-06-18,SO44942,1,310,"Road-150 Red, 62",1,3578.27,1406.98
2018-06-18,SO44943,1,330,"Road-650 Red, 52",1,699.10,285.95
2018-06-18,SO44944,1,332,"Road-650 Black, 58",1,699.10,285.95
2018-06-18,SO44945,1,322,"Road-650 Red, 60",1,699.10,285.95
2018-06-18,SO44946,1,349,"Mountain-100 Black, 42",1,3374.99,1476.90
2018-06-18,SO44947,1,346,"Mountain-100 Silver, 44",1,3399.99,1487.84
2018-06-19,SO44948,1,312,"Road-150 Red, 48",1,3578.27,1406.98
2018-06-19,SO44949,1,349,"Mountain-100 Black, 42",1,3374.99,1476.90
2018-06-19,SO44950,1,313,"Road-150 Red, 52",1,3578.27,1406.98
2018-06-19,SO44951,1,311,"Road-150 Red, 44",1,3578.27,1406.98
2018-06-19,SO44952,1,349,"Mountain-100 Black, 42",1,3374.99,1476.90
2018-06-19,SO44953,1,312,"Road-150 Red, 48",1,3578.27,1406.98
2018-06-19,SO44954,1,310,"Road-150 Red, 62",1,3578.27,1406.98
2018-06-19,SO44955,1,342,"Road-650 Black, 52",1,699.10,285.95
2018-06-19,SO44956,1,351,"Mountain-100 Black, 48",1,3374.99,1476.90
2018-06-20,SO44957,1,310,"Road-150 Red, 62",1,3578.27,1406.98
2018-06-20,SO44958,1,332,"Road-650 Black, 58",1,699.10,285.95
2018-06-20,SO44959,1,312,"Road-150 Red, 48",1,3578.27,1406.98
2018-06-20,SO44960,1,314,"Road-150 Red, 56",1,3578.27,1406.98
2018-06-20,SO44961,1,313,"Road-150 Red, 52",1,3578.27,1406.98
2018-06-20,SO44962,1,310,"Road-150 Red, 62",1,3578.27,1406.98
2018-06-20,SO44963,1,346,"Mountain-100 Silver, 44",1,3399.99,1487.84
2018-06-20,SO44964,1,334,"Road-650 Black, 60",1,699.10,285.95
2018-06-20,SO44965,1,332,"Road-650 Black, 58",1,699.10,285.95
2018-06-20,SO44966,1,314,"Road-150 Red, 56",1,3578.27,1406.98
2018-06-21,SO44967,1,310,"Road-150 Red, 62",1,3578.27,1406.98
2018-06-21,SO44968,1,342,"Road-650 Black, 52",1,699.10,285.95
2018-06-21,SO44969,1,312,"Road-150 Red, 48",1,3578.27,1406.98
2018-06-21,SO44970,1,312,"Road-150 Red, 48",1,3578.27,1406.98
2018-06-21,SO44971,1,313,"Road-150 Red, 52",1,3578.27,1406.98
2018-06-21,SO44972,1,311,"Road-150 Red, 44",1,3578.27,1406.98
2018-06-21,SO44973,1,314,"Road-150 Red, 56",1,3578.27,1406.98
2018-06-22,SO44974,1,312,"Road-150 Red, 48",1,3578.27,1406.98
2018-06-22,SO44975,1,311,"Road-150 Red, 44",1,3578.27,1406.98
2018-06-22,SO44976,1,311,"Road-150 Red, 44",1,3578.27,1406.98
2018-06-22,SO44977,1,313,"Road-150 Red, 52",1,3578.27,1406.98
2018-06-22,SO44978,1,322,"Road-650 Red, 60",1,699.10,285.95
2018-06-22,SO44979,1,310,"Road-150 Red, 62",1,3578.27,1406.98
2018-06-22,SO44980,1,310,"Road-150 Red, 62",1,3578.27,1406.98
2018-06-22,SO44981,1,310,"Road-150 Red, 62",1,3578.27,1406.98
2018-06-23,SO44982,1,312,"Road-150 Red, 48",1,3578.27,1406.98
2018-06-23,SO44983,1,310,"Road-150 Red, 62",1,3578.27,1406.98
2018-06-23,SO44984,1,314,"Road-150 Red, 56",1,3578.27,1406.98
2018-06-23,SO44985,1,311,"Road-150 Red, 44",1,3578.27,1406.98
2018-06-23,SO44986,1,328,"Road-650 Red, 48",1,699.10,285.95
2018-06-24,SO44987,1,314,"Road-150 Red, 56",1,3578.27,1406.98
2018-06-24,SO44988,1,338,"Road-650 Black, 44",1,699.10,285.95
2018-06-24,SO44989,1,311,"Road-150 Red, 44",1,3578.27,1406.98
2018-06-24,SO44990,1,338,"Road-650 Black, 44",1,699.10,285.95
2018-06-24,SO44991,1,314,"Road-150 Red, 56",1,3578.27,1406.98
2018-06-24,SO44992,1,311,"Road-150 Red, 44",1,3578.27,1406.98
2018-06-24,SO44993,1,350,"Mountain-100 Black, 44",1,3374.99,1476.90
2018-06-25,SO44994,1,311,"Road-150 Red, 44",1,3578.27,1406.98
2018-06-25,SO44995,1,313,"Road-150 Red, 52",1,3578.27,1406.98
2018-06-25,SO44996,1,349,"Mountain-100 Black, 42",1,3374.99,1476.90
2018-06-25,SO44997,1,310,"Road-150 Red, 62",1,3578.27,1406.98
2018-06-25,SO44998,1,340,"Road-650 Black, 48",1,699.10,285.95
2018-06-25,SO44999,1,311,"Road-150 Red, 44",1,3578.27,1406.98
2018-06-25,SO45000,1,312,"Road-150 Red, 48",1,3578.27,1406.98
2018-06-25,SO45001,1,312,"Road-150 Red, 48",1,3578.27,1406.98
2018-06-26,SO45002,1,312,"Road-150 Red, 48",1,3578.27,1406.98
2018-06-26,SO45003,1,314,"Road-150 Red, 56",1,3578.27,1406.98
2018-06-26,SO45004,1,314,"Road-150 Red, 56",1,3578.27,1406.98
2018-06-26,SO45005,1,312,"Road-150 Red, 48",1,3578.27,1406.98
2018-06-27,SO45006,1,312,"Road-150 Red, 48",1,3578.27,1406.98
2018-06-27,SO45007,1,310,"Road-150 Red, 62",1,3578.27,1406.98
2018-06-27,SO45008,1,313,"Road-150 Red, 52",1,3578.27,1406.98
2018-06-27,SO45009,1,338,"Road-650 Black, 44",1,699.10,285.95
2018-06-27,SO45010,1,313,"Road-150 Red, 52",1,3578.27,1406.98
2018-06-27,SO45011,1,313,"Road-150 Red, 52",1,3578.27,1406.98
2018-06-27,SO45012,1,342,"Road-650 Black, 52",1,699.10,285.95
2018-06-27,SO45013,1,310,"Road-150 Red, 62",1,3578.27,1406.98
2018-06-27,SO45014,1,322,"Road-650 Red, 60",1,699.10,285.95
2018-06-27,SO45015,1,346,"Mountain-100 Silver, 44",1,3399.99,1487.84
2018-06-28,SO45016,1,310,"Road-150 Red, 62",1,3578.27,1406.98
2018-06-28,SO45017,1,312,"Road-150 Red, 48",1,3578.27,1406.98
2018-06-28,SO45018,1,313,"Road-150 Red, 52",1,3578.27,1406.98
2018-06-28,SO45019,1,313,"Road-150 Red, 52",1,3578.27,1406.98
2018-06-28,SO45020,1,311,"Road-150 Red, 44",1,3578.27,1406.98
2018-06-28,SO45021,1,348,"Mountain-100 Black, 38",1,3374.99,1476.90
2018-06-28,SO45022,1,350,"Mountain-100 Black, 44",1,3374.99,1476.90
2018-06-28,SO45023,1,310,"Road-150 Red, 62",1,3578.27,1406.98
2018-06-29,SO45024,1,344,"Mountain-100 Silver, 38",1,3399.99,1487.84
